text,label
The economy is booming according to the latest government report.,1
NASA confirms aliens have landed on Earth!,0
Scientists discover cure for common cold.,1
Click here to win a free iPhone now!!!,0
"Elections were held fairly without any rigging, officials say.",1
Shocking! Celebrity reveals she’s a vampire.,0
New study shows benefits of daily meditation.,1
Fake news website spreads misinformation about vaccines.,0
Local sports team wins championship after decades.,1
Miracle weight loss pills banned by FDA.,0
